<?xml version="1.0"?>
<pagescount>
	<html_total>1</html_total>
	<html_done>1</html_done>
	<images>8</images>
	<script>3</script>
	<css>1</css>
	<pdf/>
	<documents/>
	<excel/>
	<powerpoint/>
	<flash/>
	<audios/>
	<videos/>
	<xml/>
	<json>1</json>
	<txt/>
	<autocad/>
	<fonts>15</fonts>
	<scraping_reload>1</scraping_reload>
	<is_pretty_url>false</is_pretty_url>
	<is_ebn>false</is_ebn>
	<email>yoboye3169@ateampc.com</email>
	<theme_name>WmdTheme494160</theme_name>
	<server_url_front_page>https://www6.waybackmachinedownloader.com/wdo/files/demo/app.bots.business_yoboye3169_ateampc.com_1407pij8lo/</server_url_front_page>
	<no_www_url>app.bots.business</no_www_url>
	<hosted_domain/>
	<original_archive_url>http://app.bots.business</original_archive_url>
	<final_archive_url>https://app.bots.business/</final_archive_url>
	<front_page_code_date/>
	<total_urls_from_api/>
	<max_reached_live>false</max_reached_live>
	<scrape_other_captures>false</scrape_other_captures>
	<total_size>6268</total_size>
</pagescount>
